{
    "n": "bongo",
    "v": 7,
    "a": [
        1
    ],
    "p": [
        {
            "b": 5,
            "s": [
                {
                    "p": [
                        0,
                        0,
                        0
                    ],
                    "r": [
                        285.4583,
                        99.07678,
                        169.1287
                    ],
                    "s": [
                        0.1250001,
                        0.1415393,
                        0.4587886
                    ],
                    "c": [
                        1,
                        1,
                        1
                    ],
                    "b": [
                        "when touched then play bongo set 1",
                        "when touched then tell any b0v1"
                    ]
                }
            ]
        },
        {
            "b": 5,
            "s": [
                {
                    "p": [
                        -0.01458907,
                        -0.04196763,
                        -0.0008382797
                    ],
                    "r": [
                        285.6643,
                        94.90847,
                        171.1501
                    ],
                    "s": [
                        0.150129,
                        0.1712047,
                        0.5113167
                    ],
                    "c": [
                        0.6,
                        0.5434285,
                        0.4199999
                    ]
                }
            ]
        },
        {
            "s": [
                {
                    "p": [
                        0.2164576,
                        -0.4510378,
                        -0.1967802
                    ],
                    "r": [
                        283.6889,
                        324.5879,
                        329.4749
                    ],
                    "s": [
                        0.03650689,
                        0.04514953,
                        0.8673193
                    ],
                    "c": [
                        0.2999999,
                        0.2151428,
                        0.03
                    ]
                }
            ]
        },
        {
            "s": [
                {
                    "p": [
                        0.2133803,
                        -0.4581126,
                        0.2220216
                    ],
                    "r": [
                        286.0889,
                        207.0121,
                        38.42192
                    ],
                    "s": [
                        0.03650691,
                        0.04514955,
                        0.8673201
                    ],
                    "c": [
                        0.2999999,
                        0.2151427,
                        0.03
                    ]
                }
            ]
        },
        {
            "s": [
                {
                    "p": [
                        -0.3615658,
                        -0.4576614,
                        0.02593088
                    ],
                    "r": [
                        295.2884,
                        99.32735,
                        142.9489
                    ],
                    "s": [
                        0.03650698,
                        0.04514962,
                        0.8673214
                    ],
                    "c": [
                        0.2999999,
                        0.2151427,
                        0.03
                    ]
                }
            ]
        },
        {
            "b": 5,
            "s": [
                {
                    "p": [
                        -0.03403497,
                        -0.1266271,
                        -0.01099539
                    ],
                    "r": [
                        289.2881,
                        91.3895,
                        165.647
                    ],
                    "s": [
                        0.1915708,
                        0.2233786,
                        0.05886988
                    ],
                    "c": [
                        0.2999999,
                        0.2151427,
                        0.03
                    ]
                }
            ]
        },
        {
            "b": 5,
            "s": [
                {
                    "p": [
                        0.02052999,
                        -0.1233129,
                        0.3978257
                    ],
                    "r": [
                        286.4885,
                        107.7519,
                        155.3415
                    ],
                    "s": [
                        0.1304615,
                        0.1233919,
                        0.05648636
                    ],
                    "c": [
                        0.2999999,
                        0.2151427,
                        0.03
                    ]
                }
            ]
        },
        {
            "b": 5,
            "s": [
                {
                    "p": [
                        0.03069329,
                        -0.06588173,
                        0.395443
                    ],
                    "r": [
                        285.7813,
                        129.492,
                        151.7746
                    ],
                    "s": [
                        0.1016973,
                        0.1098926,
                        0.4947109
                    ],
                    "c": [
                        0.6,
                        0.5434285,
                        0.4199999
                    ]
                }
            ]
        },
        {
            "b": 5,
            "s": [
                {
                    "p": [
                        0.04664993,
                        -0.02873814,
                        0.3866844
                    ],
                    "r": [
                        285.6469,
                        129.2042,
                        159.2147
                    ],
                    "s": [
                        0.08882061,
                        0.09570836,
                        0.4471169
                    ],
                    "c": [
                        1,
                        1,
                        1
                    ],
                    "b": [
                        "when touched then play bongo set 2",
                        "when touched then tell any b0v2"
                    ]
                }
            ]
        },
        {
            "b": 5,
            "s": [
                {
                    "p": [
                        -0.1898263,
                        0.07913804,
                        0.2825198
                    ],
                    "r": [
                        292.0081,
                        112.7855,
                        124.9483
                    ],
                    "s": [
                        0.09954174,
                        0.1059804,
                        0.02366651
                    ],
                    "c": [
                        0.2999998,
                        0.2151427,
                        0.03
                    ]
                }
            ]
        },
        {
            "b": 5,
            "s": [
                {
                    "p": [
                        -0.1880081,
                        0.1140677,
                        0.2773457
                    ],
                    "r": [
                        290.3646,
                        111.4256,
                        165.5645
                    ],