{
  "n": "Thing Name",
  "p": [
    {
      "b": 5,
      "s": [
        {
          "p": [
            -1.6302,
            -0.126160815,
            1.84152114
          ],
          "r": [
            304.8135,
            0.0,
            0.0
          ],
          "s": [
            0.392121255,
            0.392121315,
            0.392121315
          ],
          "c": [
            1.0,
            1.0,
            1.0
          ],
          "b": []
        }
      ]
    },
    {
      "b": 5,
      "s": [
        {
          "p": [
            -3.11,
            0.0,
            1.39
          ],
          "r": [
            0.0,
            0.0,
            0.0
          ],
          "s": [
            1.0,
            1.0,
            1.0
          ],
          "c": [
            0.786764741,
            0.0,
            0.0
          ],
          "b": []
        }
      ]
    }
  ]
}
